word_count,avg_words_per_sentence,paragraph_count,image_count,title_length,reading_time
119,11.9,5,3,8,0.68
153,17.0,4,2,9,1.26
95,11.88,4,1,12,0.75
266,14.78,7,1,8,1.09
328,14.26,10,4,9,1.41
258,12.29,7,2,13,0.75
206,9.81,8,4,10,0.43
146,11.23,4,2,12,0.55
286,15.05,8,3,12,1.56
459,17.0,11,4,6,2.52
502,16.73,10,3,13,2.67
438,16.22,9,3,13,2.23
220,16.92,5,1,13,1.62
366,12.62,12,4,14,1.23
224,17.23,6,3,12,1.85
1165,15.53,46,18,11,6.67
327,13.62,9,4,8,1.05
392,15.08,10,2,6,1.43
89,14.83,3,1,9,0.78
475,19.0,11,4,15,3.95
202,12.62,5,3,9,0.62
153,17.0,4,2,10,1.31
216,14.4,4,2,9,0.82
194,14.92,5,2,15,1.33
409,16.36,9,5,10,2.21
89,7.42,4,2,7,0.18
232,15.47,6,3,10,1.36
138,12.55,4,2,10,0.66
181,12.93,6,2,13,0.98
173,19.22,5,3,11,1.93
332,13.83,9,3,13,1.31
417,21.95,14,8,6,5.0
125,15.62,4,2,8,0.98
500,16.13,12,4,13,2.62
229,20.82,5,2,8,2.33
439,18.29,12,5,9,3.34
328,13.12,9,4,4,0.68
715,18.33,18,3,12,4.93
561,18.7,10,2,7,3.53
352,18.53,8,5,15,3.04
388,18.48,10,2,11,3.0
195,27.86,5,3,14,3.86
217,12.76,8,2,5,0.66
332,15.09,11,3,16,2.08
82,11.71,3,1,14,0.78
581,12.91,12,4,12,0.79
189,14.54,7,3,8,1.16
196,19.6,5,2,9,1.95
432,18.0,9,3,12,2.95
178,13.69,4,1,8,0.62
244,11.09,8,3,14,0.7
77,15.4,3,2,8,0.83
67,13.4,3,2,10,0.79
302,12.58,8,2,12,0.77
320,14.55,12,2,10,1.66
108,12.0,5,1,11,0.78
106,13.25,3,1,10,0.66
816,12.36,22,4,10,0.75
1083,19.34,24,5,6,7.65
490,11.95,14,4,10,0.61
286,22.0,7,2,13,3.45
332,13.83,10,3,11,1.31
436,15.03,14,4,8,2.01
757,12.62,15,1,14,0.45
505,13.29,14,2,13,1.29
120,15.0,5,3,10,1.15
463,15.97,13,3,8,2.3
286,16.82,7,3,9,1.82
578,13.76,13,5,14,1.53
274,17.12,6,3,12,1.93
255,19.62,6,3,12,2.53
326,15.52,7,3,9,1.47
228,14.25,6,2,8,0.93
446,17.84,10,3,13,3.07
209,13.93,5,3,8,0.83
427,16.42,11,3,9,2.31
312,13.57,11,5,13,1.55
242,16.13,6,3,9,1.47
216,12.0,4,1,9,0.25
187,12.47,7,2,14,1.03
234,16.71,7,3,6,1.55
205,15.77,5,2,7,1.11
607,13.8,21,4,9,2.02
646,18.46,18,7,9,4.84
187,10.39,5,1,10,0.19
186,15.5,7,2,13,1.54
255,18.21,6,2,14,2.22
262,14.56,5,2,12,1.08
313,15.65,8,3,8,1.55
116,10.55,4,3,11,0.58
458,16.36,16,3,11,2.92
257,18.36,8,2,13,2.41
389,16.91,8,4,13,2.39
230,14.38,6,3,10,1.11
546,18.83,15,4,9,4.24
188,11.06,4,2,11,0.31
820,14.39,19,3,11,2.1
244,27.11,5,3,12,4.2
274,17.12,9,2,11,2.13
261,21.75,7,4,10,3.16
338,17.79,7,3,15,2.54
599,17.62,18,6,9,4.12
193,14.85,6,2,5,0.92
465,17.88,10,2,9,2.89
265,12.05,8,4,7,0.57
232,16.57,7,2,12,1.76
87,17.4,3,1,6,0.86
277,15.39,7,4,12,1.61
158,19.75,6,3,11,2.05
228,14.25,7,2,10,1.13
215,13.44,7,3,9,0.96
210,16.15,5,2,8,1.24
342,15.55,8,2,7,1.44
513,18.32,15,4,9,3.85
213,17.75,5,2,9,1.64
281,15.61,7,3,9,1.47
422,9.81,13,6,11,-0.04
425,22.37,9,3,12,4.78
81,13.5,3,0,6,0.48
134,16.75,5,2,8,1.23
792,13.66,20,2,6,1.34
179,19.89,5,1,9,1.88
371,16.13,10,5,9,2.12
118,13.11,4,2,7,0.63
311,14.81,8,3,15,1.64
406,19.33,10,3,15,3.66
122,13.56,4,1,12,0.87
597,18.09,11,2,7,3.39
542,13.55,11,3,16,1.26
481,19.24,7,4,6,3.24
172,14.33,7,3,11,1.28
347,23.13,10,3,11,4.52
335,18.61,5,3,14,2.56
426,17.75,11,3,7,2.77
127,21.17,4,2,14,1.98
601,18.78,14,5,14,4.62
265,17.67,9,4,11,2.36
177,16.09,4,3,18,1.64
840,14.48,30,3,8,3.11
739,12.11,20,6,12,0.76
159,22.71,4,2,9,2.18
466,12.26,13,4,10,0.72
306,17.0,9,3,12,2.26
220,16.92,5,3,9,1.52
221,20.09,8,3,13,2.72
186,20.67,5,2,10,2.15
106,26.5,3,1,9,2.02
646,17.0,18,5,8,3.74
120,12.0,6,4,12,1.04
638,15.19,18,8,13,2.97
299,14.95,8,3,10,1.44
175,17.5,6,2,11,1.69
133,10.23,4,1,7,0.17
229,20.82,6,3,8,2.48
321,13.38,8,3,12,1.03
411,13.26,12,4,8,1.08
351,17.55,9,3,10,2.45
313,22.36,9,3,7,3.7
188,14.46,4,1,12,0.95
174,14.5,6,2,8,1.01
310,16.32,6,3,13,1.81
89,12.71,3,1,8,0.55
275,13.75,8,3,11,1.16
307,12.79,8,3,9,0.72
259,12.95,11,2,14,1.37
280,11.67,9,3,19,1.07
139,15.44,5,2,7,1.01
104,17.33,4,1,8,1.09
368,15.33,11,4,11,1.97
435,16.73,13,4,10,2.75
304,17.88,8,2,6,2.08
636,14.79,18,4,7,2.22
409,19.48,13,7,10,3.98
394,18.76,9,3,13,3.18
500,12.82,18,7,10,1.56
211,17.58,5,2,17,1.99
274,11.91,8,1,8,0.4
249,14.65,6,2,11,1.16
156,11.14,7,4,8,0.7
342,15.55,7,2,7,1.34
127,14.11,4,2,6,0.69
627,12.54,16,7,19,1.36
117,13.0,3,1,9,0.57
399,11.4,8,3,13,0.16
712,17.8,16,5,15,4.59
599,13.02,17,6,10,1.31
93,18.6,3,1,10,1.18
471,16.24,9,4,14,2.38
315,13.12,9,3,17,1.31
232,21.09,5,2,8,2.41
322,12.88,8,3,14,0.97
143,10.21,7,3,6,0.47
201,18.27,6,2,14,2.06
278,21.38,6,3,14,3.22
202,10.63,6,3,10,0.37
145,18.12,3,1,12,1.4
309,17.17,7,2,10,1.97
435,13.59,13,7,12,1.64
533,19.74,14,4,4,4.33
210,17.5,6,1,11,1.72
373,17.76,8,2,13,2.58
137,12.45,6,1,7,0.65
335,15.95,8,3,15,2.02
230,12.11,5,2,11,0.49
117,14.62,3,1,14,1.01
461,13.97,15,2,12,1.73
544,17.55,13,3,15,3.59
196,15.08,6,2,6,1.02
405,15.58,8,2,10,1.63
495,14.14,13,3,12,1.62
354,16.86,7,3,14,2.21
764,14.42,15,4,9,1.71
215,17.92,6,2,13,1.98
225,14.06,7,4,12,1.29
273,19.5,6,1,11,2.43
287,13.67,5,2,7,0.57
414,18.82,10,2,9,3.13
477,15.39,13,5,9,2.19
376,16.35,10,3,9,2.11
207,17.25,5,2,10,1.57
399,13.76,8,2,7,0.76
158,15.8,6,1,11,1.33
55,11.0,3,1,7,0.48
59,19.67,3,1,9,1.08
192,16.0,6,2,12,1.49
348,15.13,12,4,9,1.9
168,16.8,5,2,12,1.5
280,15.56,8,2,13,1.71
410,14.64,13,3,11,1.85
405,13.06,13,4,11,1.26
227,22.7,6,3,4,2.7
204,12.75,6,4,10,0.84
117,14.62,3,1,5,0.56
323,21.53,9,5,12,3.86
146,20.86,4,2,10,1.86
755,17.56,14,3,11,4.03
371,19.53,10,3,8,3.23
213,11.83,6,4,10,0.62
178,13.69,6,3,5,0.77
295,21.07,8,4,8,3.19
735,15.31,17,3,13,2.73
182,15.17,6,2,10,1.23
103,17.17,3,1,10,1.07
202,18.36,6,1,6,1.63
334,17.58,8,2,8,2.16
257,19.77,8,3,10,2.68
154,22.0,3,1,11,1.98
470,14.69,12,3,11,1.75
446,16.52,12,4,10,2.58
335,10.81,9,5,11,0.3
405,13.5,11,3,15,1.39
288,15.16,7,1,14,1.5
204,20.4,5,3,13,2.4
316,15.8,6,3,10,1.5
431,17.24,10,3,10,2.62
225,16.07,7,3,11,1.64
451,14.55,13,5,8,1.75
229,9.96,6,2,11,0.1
189,10.5,5,2,6,0.05
263,14.61,6,3,16,1.45
401,13.37,13,8,13,1.7
187,18.7,5,2,16,2.09
204,13.6,5,3,10,0.86
619,15.47,13,3,8,2.14
161,13.42,5,2,16,1.15
227,13.35,6,4,11,0.98
108,15.43,4,2,11,1.1
134,11.17,4,2,13,0.64
295,21.07,8,4,19,3.74
66,16.5,1,1,10,0.75
252,16.8,7,3,12,1.9
97,8.08,5,1,8,0.28
535,12.74,18,2,16,1.49
100,20.0,3,1,9,1.3
171,15.55,5,2,12,1.29
267,14.83,10,3,10,1.6
203,18.45,6,2,17,2.25
206,13.73,5,2,8,0.74
168,12.0,6,2,10,0.7
312,18.35,9,2,6,2.35
412,20.6,9,2,14,4.01
686,10.72,14,3,10,-0.89
122,15.25,4,1,6,0.78
370,13.21,12,3,8,1.09
188,17.09,5,1,9,1.39
407,19.38,10,3,11,3.48
123,12.3,4,2,11,0.72
135,13.5,3,1,7,0.5
312,14.86,8,4,12,1.56
623,16.39,15,4,12,3.17
147,21.0,4,1,13,1.98
258,18.43,5,2,11,2.03
171,17.1,5,1,11,1.46
742,17.67,17,6,11,4.53
423,15.11,12,4,9,1.9
279,15.5,5,1,12,1.29
160,26.67,3,1,11,2.77
116,19.33,2,1,7,1.1
322,26.83,4,3,12,4.96
282,21.69,8,3,14,3.54
210,17.5,5,2,5,1.38
317,15.1,9,3,11,1.63
247,19.0,7,2,16,2.59
217,21.7,5,2,15,2.8
244,14.35,8,1,5,0.94
536,17.29,15,3,10,3.38
355,18.68,10,5,8,2.96
377,25.13,8,4,14,5.52
320,16.0,9,3,15,2.12
335,13.96,10,2,11,1.3
308,12.32,10,4,7,0.72
177,22.12,5,2,11,2.41
84,14.0,3,1,13,0.92
670,14.57,17,6,9,2.16
368,14.15,11,2,14,1.59
205,13.67,4,2,11,0.78
439,13.72,13,3,15,1.64
414,16.56,9,2,11,2.2
484,17.93,13,4,7,3.27
388,15.52,8,4,9,1.65
494,19.0,11,3,9,3.68
204,17.0,6,4,8,1.61
252,15.75,5,3,8,1.24
587,14.32,12,2,11,1.45
567,20.25,14,2,5,4.73
335,20.94,8,4,9,3.44
241,16.07,5,3,6,1.21
297,18.56,6,3,10,2.31
444,20.18,8,2,12,3.8
532,12.09,17,7,11,1.05
80,8.89,4,1,14,0.66
234,16.71,6,2,11,1.65
250,19.23,5,2,9,2.11
206,13.73,7,3,10,1.09
448,18.67,10,3,12,3.39
255,19.62,5,3,12,2.43
513,13.5,11,3,11,1.03
283,21.77,7,2,16,3.52
335,16.75,9,2,5,1.84
154,17.11,3,1,9,1.12
150,13.64,4,2,13,0.95
274,19.57,10,3,13,3.05
151,10.79,5,3,12,0.61
393,11.56,13,5,12,0.8
660,14.35,18,5,9,2.07
166,13.83,4,1,11,0.81
151,10.79,6,3,11,0.66
165,18.33,5,1,9,1.55
118,13.11,3,1,10,0.63
213,12.53,5,1,7,0.37
213,19.36,8,2,6,2.13
146,12.17,3,1,7,0.29
170,14.17,6,2,13,1.21
217,15.5,6,2,6,1.11
131,9.36,4,1,10,0.21
1678,15.12,28,4,11,3.75
295,16.39,9,1,8,1.76
132,26.4,4,2,9,2.45
519,12.36,16,4,9,0.88
289,16.06,8,3,8,1.66
270,15.88,8,1,14,1.79
514,17.72,13,6,9,3.45
163,14.82,5,1,10,1.02
227,18.92,8,2,11,2.34
262,18.71,9,3,9,2.47
109,13.62,4,1,5,0.55
382,29.38,10,5,9,7.19
216,10.8,6,2,8,0.19
398,20.95,11,5,7,4.07
189,12.6,5,1,8,0.5
246,10.25,6,3,4,-0.22
444,13.45,11,3,7,0.91
424,16.31,15,4,9,2.71
291,19.4,9,3,4,2.53
185,26.43,5,3,10,3.26
315,15.75,7,2,6,1.34
406,15.62,10,4,13,2.1
380,20.0,11,3,11,3.7
195,12.19,6,2,9,0.6
168,15.27,4,1,9,0.95
437,13.66,14,8,13,1.86
648,15.8,16,3,15,3.02
727,17.73,19,5,14,4.83
137,13.7,6,2,9,0.97
189,14.54,5,3,8,0.96
441,14.23,14,3,11,1.76
96,16.0,3,1,8,0.85
193,19.3,7,3,12,2.28
92,15.33,3,1,12,0.98
982,15.84,31,9,11,4.92
1150,13.86,24,5,12,1.94
131,14.56,5,3,13,1.24
645,18.97,17,4,13,5.11
605,11.86,16,7,14,0.75
357,19.83,12,6,15,3.97
428,14.76,12,4,15,2.05
680,15.45,18,4,10,2.81
430,15.36,13,2,11,2.1
213,14.2,6,2,7,0.88
157,12.08,8,3,6,0.79
252,14.82,6,3,14,1.4
245,13.61,6,2,10,0.86
214,14.27,7,1,15,1.34
480,15.48,10,2,12,1.93
173,15.73,4,1,5,0.83
413,19.67,9,3,5,3.23
206,11.44,7,1,12,0.62
985,13.13,21,7,18,1.51
396,17.22,12,5,4,2.53
288,14.4,7,3,12,1.28
417,16.68,14,2,10,2.7
93,15.5,3,1,6,0.7
339,14.74,7,6,11,1.46
403,15.5,10,2,11,1.85
353,17.65,10,3,8,2.49
134,16.75,4,2,11,1.28
200,12.5,7,2,7,0.65
501,18.56,13,4,14,3.98
443,15.82,14,3,7,2.26
352,16.0,9,4,13,2.1
316,13.74,7,3,8,0.85
83,16.6,5,1,9,1.13
234,14.62,6,2,13,1.26
452,13.29,8,3,15,0.93
1367,13.95,24,4,9,1.61
241,17.21,5,2,8,1.53
248,16.53,7,3,8,1.63
99,16.5,4,2,9,1.1
578,13.76,13,3,13,1.38
281,14.79,10,2,15,1.79
1524,16.39,32,7,9,6.12
542,12.6,12,4,13,0.75
174,15.82,5,1,15,1.44
305,16.94,7,3,15,2.19
446,21.24,10,3,5,4.18
629,16.55,16,4,14,3.47
207,17.25,5,3,10,1.62
158,15.8,5,2,8,1.13
267,14.83,8,1,12,1.4
335,22.33,13,3,15,4.66
137,13.7,5,2,14,1.12
302,13.73,10,4,14,1.52
406,16.92,11,3,10,2.53
189,18.9,5,2,6,1.64
260,18.57,6,2,4,1.83
115,12.78,4,2,11,0.79
240,17.14,6,3,19,2.21
1112,19.17,24,6,12,7.94
480,16.0,13,4,9,2.43
470,16.21,13,5,14,2.82
209,14.93,6,2,10,1.19
415,25.94,9,2,10,6.04
384,13.71,11,3,10,1.25
268,13.4,9,2,14,1.27
207,15.92,5,1,10,1.24
305,12.71,10,2,18,1.3
396,18.86,10,3,8,3.08
467,18.68,14,3,10,3.77
116,12.89,3,2,11,0.71
98,16.33,4,1,15,1.33
336,12.44,10,2,14,0.94
247,13.72,7,1,11,0.98
146,14.6,5,2,10,1.04
242,18.62,6,2,14,2.28
2322,8.97,43,6,14,-8.7
460,19.17,11,1,18,3.97
154,14.0,4,2,9,0.8
617,15.43,16,5,10,2.62
359,18.89,8,4,15,3.15
361,20.06,8,2,7,3.08
587,20.96,15,4,11,5.75
266,17.73,5,3,12,1.98
294,11.31,9,1,8,0.27
201,15.46,6,1,9,1.19
410,13.23,12,2,6,0.87
145,10.36,3,1,13,0.33
283,18.87,8,3,12,2.65
327,11.28,10,4,10,0.48
420,12.35,9,2,9,0.34
141,17.62,6,2,16,1.87
201,16.75,6,2,13,1.7
303,17.82,6,3,12,2.2
195,17.73,6,2,9,1.68
153,13.91,5,1,7,0.73
242,20.17,7,3,10,2.6
337,14.65,8,2,11,1.33
417,15.44,12,3,15,2.28
513,14.66,16,2,9,1.98
381,15.88,11,2,9,1.99
212,14.13,6,3,12,1.17
71,14.2,4,2,9,0.89
185,18.5,6,3,10,1.9
268,16.75,6,2,16,1.97
289,18.06,7,2,10,2.18
448,20.36,13,3,11,4.4
198,14.14,6,2,9,0.98
369,16.77,10,2,8,2.15
641,15.26,17,4,12,2.67
636,17.67,17,3,8,3.95
537,21.48,14,4,10,5.58
582,14.55,16,3,8,1.89
88,12.57,3,1,8,0.54
703,15.62,15,4,12,2.74
246,15.38,4,2,6,0.89
275,12.5,9,4,12,1.01
397,13.23,13,6,10,1.4
59,19.67,2,1,11,1.08
428,17.12,11,2,7,2.46
11,5.5,1,5,7,0.6
161,16.1,5,2,14,1.48
118,16.86,3,1,10,1.07
330,8.46,13,3,11,-0.16
101,11.22,3,1,7,0.32
288,11.52,9,5,10,0.65
328,20.5,8,2,10,3.2
223,11.74,6,4,16,0.87
314,22.43,9,4,9,3.88
379,18.05,10,6,8,2.86
489,15.77,9,4,9,1.93
323,16.15,6,3,12,1.72
278,23.17,8,3,5,3.47
229,17.62,7,2,12,2.0
194,10.78,5,2,12,0.38
211,13.19,6,1,11,0.82
278,14.63,7,3,8,1.15
293,18.31,9,3,13,2.67
116,12.89,3,1,14,0.81
339,17.84,6,3,10,2.21
120,13.33,5,3,9,0.9
124,12.4,5,3,8,0.73
244,18.77,7,3,12,2.37
128,18.29,3,1,7,1.12
203,13.53,6,2,10,0.9
387,13.34,9,2,15,1.11
165,16.5,4,1,6,1.0
360,17.14,8,2,11,2.22
306,14.57,6,2,9,1.02
193,17.55,4,2,9,1.44
476,16.41,13,2,10,2.57
172,19.11,4,2,11,1.76
735,19.34,18,4,8,5.59
307,13.95,11,3,10,1.43
234,21.27,6,2,15,2.92
162,13.5,4,2,9,0.71
374,17.0,14,9,10,3.1
577,16.03,15,3,15,2.99
216,27.0,6,2,10,3.79
637,16.76,15,5,13,3.52
560,17.5,19,2,11,3.95
23,23.0,3,6,11,1.33
566,16.17,12,4,10,2.56
334,15.18,7,2,8,1.26
447,15.41,14,2,12,2.28
173,12.36,5,1,10,0.59
567,14.54,15,8,14,2.34
323,17.94,9,4,12,2.65
293,16.28,7,3,7,1.58
580,16.57,14,3,12,3.06
505,16.83,11,3,6,2.47
159,17.67,3,1,13,1.42
548,17.12,13,5,14,3.41
150,10.71,5,3,14,0.71
1297,19.36,29,5,11,9.35
240,17.14,7,3,9,1.81
395,19.75,7,2,13,3.33
417,16.68,9,4,11,2.35
390,13.93,9,3,13,1.28
158,12.15,5,2,13,0.8
241,18.54,6,3,8,2.0
593,12.89,17,7,13,1.45
301,20.07,7,3,11,2.93
65,16.25,2,1,6,0.63
94,13.43,3,1,11,0.75
530,12.93,13,3,14,1.05
285,14.25,7,3,7,0.99
357,21.0,10,3,8,3.69
273,17.06,10,5,16,2.61
421,12.38,14,4,15,1.25
781,13.02,19,4,12,1.15
156,19.5,4,1,12,1.75
126,18.0,4,1,5,1.08
187,15.58,5,1,4,0.86
170,21.25,5,2,11,2.21
106,10.6,4,5,8,0.58
212,21.2,6,3,8,2.46
407,18.5,11,3,11,3.22
169,16.9,5,3,12,1.57
160,20.0,5,3,12,2.05
200,12.5,5,2,8,0.5
209,17.42,5,2,12,1.71
211,17.58,5,2,8,1.54
239,15.93,6,3,7,1.32
226,20.55,6,3,8,2.4
478,20.78,8,3,8,4.11
300,12.5,7,3,18,1.0
308,20.53,9,3,11,3.3
184,26.29,5,2,10,3.18
466,17.26,12,3,14,3.1
30,10.0,1,6,7,0.6
571,18.42,11,3,10,3.7
504,15.27,14,6,15,2.59
236,13.88,5,2,10,0.84
138,12.55,4,1,15,0.86
747,13.11,21,7,12,1.64
225,17.31,5,2,13,1.77
225,18.75,6,3,13,2.24
237,16.93,6,3,9,1.66
221,18.42,7,2,9,2.01
200,20.0,7,3,4,2.05
229,19.08,6,2,8,2.03
358,18.84,9,2,9,2.82
256,17.07,6,3,14,1.98
315,16.58,9,3,5,1.8
121,17.29,5,3,8,1.33
240,15.0,6,1,6,0.95
142,10.92,8,4,12,1.02
162,13.5,5,1,7,0.66
313,17.39,9,4,11,2.4
142,15.78,4,1,8,0.96
201,18.27,7,3,12,2.11
272,14.32,7,4,5,0.97
202,9.18,5,2,14,0.12
270,14.21,7,2,6,0.89
278,18.53,8,2,11,2.43
280,16.47,6,1,14,1.76
89,12.71,4,2,8,0.7
555,17.34,13,2,4,2.9
356,13.19,6,3,14,0.81
192,13.71,3,2,10,0.65
435,17.4,12,3,13,3.04
75,12.5,3,1,14,0.86
429,13.41,10,2,12,1.02
99,9.9,4,1,11,0.5
292,13.27,9,3,9,0.99
345,24.64,8,2,10,4.73
190,19.0,6,2,9,1.91
132,13.2,5,2,15,1.11
297,22.85,8,3,13,3.93
366,16.64,8,2,13,2.15
320,12.31,5,2,10,0.24
522,20.08,14,3,11,4.75
258,14.33,8,3,11,1.33
411,17.87,11,5,13,3.18
436,13.21,12,4,6,0.92
407,13.13,11,3,12,1.09
422,17.58,12,3,13,3.09
94,23.5,3,1,7,1.5
592,15.58,13,3,8,2.19
190,14.62,8,5,15,1.73
229,32.71,6,2,10,5.26
391,16.29,11,5,9,2.3
348,16.57,6,2,11,1.8
410,14.64,7,2,11,1.2
180,18.0,4,4,10,1.64
435,8.88,10,3,11,-0.96
1068,20.54,32,5,10,9.87
242,16.13,7,2,6,1.37
295,17.35,9,3,11,2.29
502,18.59,12,4,10,3.7
300,13.64,12,3,13,1.59
143,17.88,3,1,10,1.26
163,20.38,3,1,11,1.78
419,16.76,9,3,7,2.14
118,13.11,5,2,8,0.78
322,17.89,10,3,10,2.58
300,12.0,7,2,9,0.35
625,14.53,16,8,15,2.46
731,18.27,17,4,14,4.99
250,15.62,5,2,4,0.95
274,14.42,6,3,10,1.09
526,20.23,11,3,14,4.7
233,12.94,6,3,9,0.72
208,18.91,6,1,14,2.16
484,15.12,14,8,13,2.51
397,15.27,9,3,13,1.81
91,18.2,4,1,8,1.14
242,11.52,7,3,15,0.76
280,16.47,7,2,8,1.61
443,18.46,13,4,12,3.63
204,22.67,5,2,15,2.91
306,19.12,5,2,9,2.31
365,20.28,13,4,8,3.83
415,15.37,15,6,11,2.5
77,15.4,3,1,10,0.88
236,14.75,8,2,15,1.59
398,23.41,9,3,16,5.2
155,14.09,5,3,10,1.01
166,15.09,7,1,10,1.26
195,24.38,4,2,10,2.83
495,14.14,13,3,10,1.52
122,20.33,3,1,9,1.45
236,21.45,5,1,12,2.67
501,16.7,13,4,4,2.55
1152,17.45,29,4,11,6.47
85,17.0,3,1,15,1.27
295,15.53,8,1,9,1.46
82,10.25,3,1,4,0.16
255,15.94,5,1,11,1.34
115,19.17,4,1,13,1.58
329,19.35,9,4,9,2.98
253,16.87,6,3,13,1.87
235,15.67,6,2,12,1.46
245,14.41,6,3,13,1.26
243,20.25,6,1,11,2.48
134,13.4,6,2,13,1.14
337,14.04,9,3,12,1.33
573,16.37,12,3,14,2.84
172,11.47,7,2,11,0.74
260,15.29,5,2,9,1.13
318,17.67,8,3,8,2.2
519,14.03,15,7,6,1.65
416,16.64,8,3,11,2.18
378,15.12,12,3,7,1.75
480,17.14,12,3,19,3.33
580,14.87,14,5,8,1.97
209,20.9,5,2,13,2.48
544,15.54,13,5,15,2.59
150,16.67,5,3,11,1.45
544,18.13,14,4,9,3.75
350,13.46,8,1,14,1.01
120,17.14,3,1,8,1.01
333,13.32,7,2,8,0.64
187,15.58,5,1,14,1.36
85,8.5,3,1,7,0.15
208,16.0,6,2,10,1.41
225,15.0,6,2,13,1.35
384,15.36,10,3,15,2.04
119,13.22,4,2,13,0.94
213,19.36,5,1,12,2.08
183,18.3,6,1,7,1.6
166,13.83,5,1,5,0.61
366,14.08,8,2,14,1.26
392,17.82,8,2,7,2.36
197,15.15,8,2,10,1.43
408,15.11,9,3,9,1.54
256,13.47,7,2,12,1.01
352,19.56,8,3,10,3.06
451,16.7,11,3,13,2.67
229,17.62,5,2,12,1.8
288,22.15,7,1,20,3.81
404,16.83,11,3,11,2.54
185,15.42,7,3,8,1.33
337,14.04,12,7,11,1.78
300,18.75,7,1,12,2.48
296,12.87,9,6,14,1.27
248,11.27,13,6,10,1.17
102,14.57,3,1,8,0.71
108,12.0,4,2,13,0.83
180,16.36,4,2,14,1.44
432,14.4,9,3,7,1.14
175,13.46,4,1,9,0.63
169,24.14,8,3,17,3.34
197,16.42,5,2,13,1.53
174,17.4,5,2,10,1.52
362,16.45,11,0,13,2.27
150,18.75,4,2,12,1.66
317,18.65,9,2,17,3.01
354,12.21,9,1,10,0.46
207,12.94,11,2,8,1.17
664,16.6,14,3,11,3.16
119,17.0,4,2,12,1.34
207,20.7,5,1,8,2.13
289,17.0,6,2,6,1.58
154,19.25,5,2,12,1.85
40,13.33,3,1,11,0.83
159,14.45,5,1,14,1.16
421,13.58,12,4,9,1.25
220,22.0,4,1,7,2.34
116,14.5,5,3,13,1.24
81,9.0,3,1,7,0.21
465,21.14,10,4,8,4.46
1015,17.81,26,5,13,6.35
454,9.46,14,6,10,-0.32
417,18.13,9,4,7,2.76
426,14.2,13,4,8,1.56
531,20.42,19,6,13,5.73
494,19.76,12,3,16,4.5
493,16.43,10,4,16,2.7
394,16.42,11,1,14,2.41
659,18.83,15,4,8,4.62
253,18.07,6,3,11,2.08
134,14.89,3,1,8,0.74
213,13.31,4,2,9,0.59
145,24.17,3,1,6,1.98
227,20.64,8,2,11,2.73
713,16.98,14,4,11,3.56
850,17.0,22,5,16,4.95
518,12.33,15,3,15,1.02
97,12.12,4,5,6,0.67
335,11.55,10,2,17,0.79
1605,14.46,31,6,13,3.18
283,15.72,9,2,16,2.0
188,14.46,4,1,8,0.75
134,12.18,6,4,8,0.82
490,17.5,14,3,20,3.78
501,15.66,11,2,16,2.33
105,8.75,4,2,6,0.14
76,15.2,2,1,14,0.97
236,13.88,8,5,11,1.34
425,18.48,10,3,4,2.83
146,16.22,4,3,12,1.33
1037,20.33,21,5,11,8.43
249,14.65,8,3,6,1.16
307,17.06,6,2,8,1.73
320,15.24,6,2,15,1.53
531,15.17,12,4,12,2.09
288,12.0,11,5,9,0.94
161,12.38,6,2,14,0.98
114,10.36,4,1,7,0.27
740,16.09,18,5,16,3.66
195,17.73,5,2,15,1.88
460,13.14,13,2,8,0.94
167,11.93,6,4,10,0.79
406,16.24,11,4,12,2.4
457,16.93,10,3,14,2.73
271,12.9,6,4,11,0.78
392,15.68,16,7,12,2.82
89,11.12,4,2,12,0.75
143,15.89,5,3,11,1.33
65,13.0,1,5,13,0.87
850,15.45,20,6,9,3.13
176,13.54,6,1,13,1.04
383,10.64,14,6,9,0.48
222,15.86,10,5,12,2.04
172,9.56,6,3,8,0.21
531,15.62,14,6,10,2.53
421,17.54,12,3,8,2.82
201,15.46,6,2,7,1.14
305,14.52,9,3,12,1.5
95,13.57,4,3,14,1.11
218,16.77,7,1,11,1.69
220,12.22,6,1,7,0.39
198,14.14,5,3,8,0.88
560,15.56,16,2,13,2.66
803,17.46,16,5,16,4.63
261,16.31,5,3,9,1.44
1491,13.08,31,7,15,1.34
454,16.81,9,3,10,2.37
1051,15.23,34,5,8,4.29
151,10.07,4,1,10,0.21
284,13.52,7,4,5,0.73
333,13.32,8,2,17,1.19
188,11.75,5,3,10,0.54
494,10.51,11,3,10,-0.47
126,18.0,3,1,9,1.18
489,15.77,11,2,18,2.48
287,15.11,8,3,6,1.28
372,18.6,8,2,11,2.79
198,24.75,5,2,9,2.98
135,13.5,3,1,5,0.4
237,14.81,6,2,10,1.15
273,16.06,8,2,12,1.79
195,12.19,5,3,8,0.5
349,12.03,10,1,12,0.61
294,21.0,9,4,13,3.51
199,13.27,7,2,7,0.81
353,13.58,10,2,7,0.95
267,20.54,7,4,7,2.73
281,12.77,9,2,13,1.02
482,12.36,12,3,8,0.48
326,18.11,9,4,8,2.51
413,21.74,9,4,12,4.48
127,18.14,5,1,9,1.4
154,15.4,5,1,12,1.21
469,18.76,12,4,15,3.91
242,24.2,5,1,10,3.28
160,20.0,5,3,17,2.3
214,14.27,7,1,15,1.34
404,18.36,9,2,14,3.06
151,16.78,4,2,16,1.57
435,15.0,13,5,17,2.4
173,14.42,5,1,11,1.0
310,18.24,10,5,9,2.7
446,17.15,11,3,14,2.91
51,12.75,3,0,10,0.69
275,19.64,6,2,14,2.68
402,15.46,11,4,10,1.98
147,16.33,4,2,9,1.15
227,20.64,7,3,12,2.73
566,16.17,9,5,9,2.26
533,14.41,13,3,15,1.89
478,15.93,10,5,14,2.39
190,14.62,6,3,12,1.28
241,18.54,8,3,10,2.3
131,14.56,3,1,13,0.94
404,22.44,11,4,9,4.76
701,16.3,15,4,14,3.31
195,15.0,6,2,9,1.15
246,15.38,7,3,10,1.44
258,14.33,8,4,9,1.28
686,12.7,20,4,10,1.12
315,13.7,10,5,15,1.59
187,14.38,6,4,11,1.23
371,20.61,9,3,7,3.48
212,23.56,5,3,13,3.11
395,17.95,10,2,13,2.92
448,17.92,15,2,9,3.36
317,13.78,7,1,10,0.86
98,10.89,4,2,9,0.55
498,15.09,12,3,8,1.79
618,16.7,16,3,13,3.45
617,15.82,15,5,12,2.86
174,15.82,6,3,11,1.44
419,16.76,11,2,15,2.69
267,15.71,7,3,12,1.64
284,12.91,8,2,12,0.91
360,18.95,8,2,7,2.67
220,16.92,5,2,9,1.47
86,17.2,3,1,9,0.99
91,13.0,2,1,8,0.47
200,14.29,5,2,3,0.61
214,23.78,6,3,8,3.03
238,13.22,7,3,12,1.03
231,21.0,5,3,12,2.64
189,17.18,6,2,9,1.56
346,15.73,10,3,8,1.8
747,17.79,18,7,10,4.73
679,15.43,16,6,11,2.74
467,21.23,15,5,15,5.41
347,12.85,9,3,11,0.85
99,14.14,4,2,12,1.01
427,18.57,9,3,12,3.17
274,19.57,6,2,8,2.35
428,13.38,11,3,13,1.21
265,16.56,8,2,8,1.71
643,13.4,18,4,13,1.62
82,13.67,3,1,13,0.89
594,18.56,14,3,4,3.86
146,20.86,7,2,13,2.31
417,14.38,11,5,15,1.84
302,16.78,8,3,11,2.04
247,14.53,7,5,14,1.53
177,13.62,5,2,11,0.91
101,16.83,3,1,9,0.98
329,14.3,10,2,10,1.37
499,14.26,13,4,14,1.83
185,18.5,4,2,11,1.7
166,16.6,5,2,9,1.32
300,21.43,8,3,13,3.53
185,11.56,5,1,14,0.61
422,16.88,6,3,9,1.99
225,22.5,5,1,11,2.79
768,15.36,23,9,18,3.93
283,20.21,6,2,10,2.67
236,15.73,8,3,13,1.77
148,21.14,4,1,11,1.91
197,15.15,5,3,19,1.63
252,15.75,7,3,13,1.69
508,13.37,13,1,12,1.12
388,16.87,10,4,13,2.58
251,13.94,7,2,15,1.28
309,19.31,8,2,16,3.03
252,19.38,7,2,11,2.45
166,15.09,5,2,11,1.16
499,18.48,14,3,10,3.79
75,8.33,4,1,7,0.3
131,10.08,7,3,13,0.86
159,12.23,5,1,8,0.51
73,9.12,3,1,10,0.42
583,19.43,16,3,6,4.63
352,15.3,9,4,9,1.66
355,16.14,10,2,9,1.95
308,14.67,9,3,13,1.6
413,16.52,9,3,9,2.13
133,22.17,3,1,10,1.8
163,12.54,5,2,13,0.85
221,14.73,6,2,5,0.89
292,14.6,9,2,15,1.63
186,15.5,5,3,10,1.24
266,17.73,6,2,15,2.18
307,12.79,7,2,13,0.77
437,20.81,10,3,17,4.54
208,13.0,6,2,6,0.58
465,15.5,11,4,16,2.33
291,12.65,9,2,15,1.07
141,10.85,5,2,7,0.36
388,13.38,10,3,13,1.17
785,18.26,17,4,9,4.91
442,18.42,12,2,5,3.06
244,20.33,6,2,8,2.4
162,18.0,4,1,5,1.19
347,15.09,11,3,14,1.98
287,20.5,8,2,8,2.88
619,16.29,18,5,15,3.6
359,14.96,11,4,10,1.79
138,17.25,5,2,11,1.46
169,15.36,5,1,11,1.16
68,17.0,3,1,8,0.89
226,18.83,5,2,14,2.17
414,13.8,10,3,8,1.05
303,16.83,6,2,12,1.85
375,14.42,9,4,13,1.53
256,23.27,6,3,10,3.37
194,17.64,4,3,14,1.76
178,16.18,5,3,7,1.21
632,15.05,18,3,14,2.68
441,16.96,12,2,10,2.66
244,18.77,7,3,12,2.37
243,20.25,6,3,11,2.58
213,12.53,5,1,7,0.37
367,17.48,9,2,13,2.56
172,12.29,6,2,6,0.53
307,19.19,10,2,9,2.84
154,19.25,4,2,11,1.7
513,19.0,15,3,14,4.4
142,17.75,5,2,15,1.74
399,19.0,9,2,14,3.3
304,15.2,6,3,16,1.61
586,18.9,16,3,10,4.54
594,15.63,15,4,13,2.72
463,20.13,11,3,15,4.38
415,15.96,10,3,13,2.2
115,10.45,6,2,13,0.83
364,16.55,8,3,10,2.01
1114,16.63,28,3,8,5.17
266,22.17,5,2,16,3.31
373,17.76,11,4,11,2.88
277,17.31,7,3,16,2.29
192,8.73,6,2,14,0.2
111,18.5,3,2,11,1.34
451,16.7,13,4,12,2.87
211,17.58,3,1,8,1.29
375,23.44,11,3,12,5.02
326,19.18,7,3,15,2.96
405,20.25,11,4,9,3.88
389,16.91,10,3,8,2.29
103,17.17,4,2,11,1.27
207,14.79,4,2,10,0.96
454,13.76,12,5,17,1.74
256,18.29,6,3,8,1.99
392,12.65,13,1,10,0.93
343,17.15,11,5,8,2.49
129,11.73,5,2,13,0.83
186,16.91,4,1,11,1.36
478,15.42,14,5,15,2.6
421,16.84,9,2,12,2.37
114,9.5,5,2,9,0.42
397,17.26,12,3,8,2.65
523,20.92,10,3,15,5.0
49,12.25,1,6,14,0.97
471,18.12,10,3,11,3.17
545,16.52,15,4,6,2.83
342,12.67,7,3,7,0.4
897,20.39,19,4,13,7.58
880,22.0,23,4,8,9.06
165,11.0,4,2,8,0.24
440,18.33,12,3,7,3.17
619,16.73,17,3,14,3.62
308,14.0,8,2,7,0.94
217,18.08,10,8,7,2.42
345,15.0,9,3,15,1.8
454,17.46,12,5,15,3.32
1332,18.0,27,8,12,7.7
193,13.79,5,3,9,0.87
393,20.68,10,2,19,4.28
137,19.57,5,1,11,1.73
313,15.65,9,3,12,1.85
168,12.92,7,3,9,0.95
167,20.88,5,1,15,2.28
366,14.64,14,5,11,2.07
232,11.05,5,2,16,0.48
218,19.82,5,2,10,2.15
213,19.36,6,3,13,2.33
172,17.2,5,2,11,1.53
408,20.4,9,3,14,3.95
396,18.0,11,4,11,3.04
180,18.0,5,2,6,1.44
456,10.86,15,3,19,0.71
233,16.64,6,2,10,1.58
534,16.69,16,4,9,3.15
136,17.0,4,2,15,1.52
349,12.03,11,3,9,0.66
303,23.31,9,4,13,4.27
196,16.33,6,3,6,1.31
377,14.5,9,3,8,1.26
210,16.15,7,3,10,1.59
319,15.19,10,4,14,1.96
446,17.15,9,3,12,2.61
275,16.18,6,3,8,1.47
149,12.42,7,3,12,1.07
389,19.45,11,4,13,3.68
285,15.83,7,3,10,1.59
412,13.29,12,4,13,1.35
184,14.15,6,3,9,1.04
320,16.0,11,4,11,2.17
217,16.69,6,3,12,1.72
226,14.12,5,2,14,1.1
157,15.7,6,2,9,1.26
259,16.19,8,3,10,1.76
268,22.33,6,3,11,3.26
248,19.08,7,3,10,2.36
103,17.17,5,3,13,1.52
279,16.41,9,3,10,1.94
269,20.69,8,4,14,3.23
1493,10.59,30,6,6,-2.98
127,18.14,4,4,13,1.65
197,24.62,5,3,9,3.0
133,14.78,4,2,12,1.07
108,12.0,4,2,12,0.78
120,17.14,4,1,5,0.96
376,15.04,9,4,14,1.82
350,23.33,9,3,11,4.52
150,18.75,4,2,13,1.71
521,14.08,11,4,12,1.42
870,21.75,19,3,13,8.57
240,17.14,6,2,10,1.71
282,15.67,6,4,10,1.49
286,15.89,7,3,12,1.7
234,21.27,6,2,12,2.77
79,11.29,4,2,12,0.81
187,12.47,5,2,13,0.78
328,16.4,36,3,8,4.61
218,19.82,5,2,14,2.35
224,17.23,5,2,8,1.5
169,10.56,4,2,4,-0.05
318,14.45,6,2,9,0.98
251,19.31,7,2,14,2.58
275,16.18,7,3,12,1.77
88,14.67,4,2,10,0.97
588,17.82,14,4,9,3.71
237,21.55,7,2,12,2.95
106,13.25,4,1,12,0.86
242,17.29,8,3,11,2.05
107,13.38,5,1,9,0.83
234,14.62,5,2,8,0.91
195,17.73,5,1,15,1.83
340,16.19,10,1,6,1.75
297,14.85,8,5,12,1.61
509,19.58,10,4,7,3.88
185,13.21,7,2,6,0.77
488,16.27,11,2,13,2.47
185,23.12,5,1,13,2.7
167,15.18,6,2,7,1.08
279,18.6,8,5,13,2.7
684,10.52,17,4,14,-0.46
444,15.31,15,2,8,2.14
976,17.75,26,3,14,6.13
375,15.62,8,1,10,1.58
135,13.5,3,1,11,0.7
170,21.25,4,2,8,1.96
280,13.33,8,2,11,0.98
374,15.58,10,4,9,1.87
256,14.22,8,3,10,1.25
512,17.07,12,4,14,3.16
182,18.2,4,1,11,1.58
240,18.46,5,1,10,1.88
122,15.25,3,1,11,0.93
85,17.0,3,1,13,1.17
52,8.67,2,0,10,0.37
95,13.57,3,1,18,1.11
213,14.2,7,2,10,1.13
149,16.56,4,2,10,1.23
477,17.67,11,3,13,3.17
154,19.25,4,1,8,1.5
25,12.5,1,1,5,0.34
102,14.57,4,2,5,0.71
388,18.48,10,3,20,3.5
193,16.08,5,2,11,1.36
303,11.22,6,1,10,0.0
602,16.27,14,3,9,2.76
224,18.67,7,2,17,2.47
161,14.64,6,2,9,1.09
235,21.36,8,3,8,2.84
231,16.5,6,3,7,1.45
335,19.71,9,3,10,3.13
311,22.21,6,3,12,3.59
170,18.89,4,2,12,1.76
287,15.11,10,3,10,1.68
277,16.29,6,3,9,1.56
145,14.5,5,1,5,0.73
174,13.38,8,5,3,0.92
216,19.64,5,2,12,2.2
98,16.33,4,2,14,1.33
533,16.66,15,2,7,2.83
276,19.71,8,2,8,2.6
235,15.67,4,2,10,1.16
543,18.1,15,5,11,3.98
366,21.53,6,3,8,3.54
102,10.2,4,2,11,0.56
224,14.93,7,2,11,1.33
363,11.34,9,1,7,-0.03
256,17.07,8,3,12,2.08
137,12.45,4,2,13,0.8
110,13.75,6,3,12,1.21
345,17.25,6,3,12,2.13
254,13.37,6,3,8,0.74
257,12.85,9,2,9,0.9
201,14.36,6,2,7,0.92
114,14.25,5,2,15,1.26
421,19.14,9,4,16,3.64
840,18.67,38,8,8,7.68
390,11.82,13,3,10,0.71
189,14.54,7,3,7,1.11
174,14.5,5,2,12,1.11
294,14.0,9,5,9,1.31
437,15.07,13,4,9,1.98
359,13.81,10,3,15,1.47
193,12.06,4,1,8,0.28
203,14.5,6,2,8,1.0
284,14.2,9,2,6,1.07
247,20.58,6,2,10,2.58
173,13.31,4,2,10,0.71
149,16.56,5,3,6,1.18
94,15.67,4,1,7,0.86
129,18.43,6,1,14,1.79
96,10.67,6,3,7,0.68
125,15.62,4,2,5,0.83
84,9.33,3,1,9,0.32
751,14.44,17,4,12,2.08
239,17.07,6,3,11,1.79
142,15.78,3,1,11,1.01
197,16.42,4,1,13,1.38
387,20.37,7,3,7,3.28
329,18.28,11,5,17,3.28
206,18.73,5,2,11,1.92
120,13.33,6,2,15,1.25
620,14.42,18,1,12,2.09
186,18.6,5,2,11,1.82
153,10.93,4,2,3,0.03
1092,16.3,30,8,9,5.27
315,16.58,7,3,13,2.0
99,24.75,4,5,9,2.07
1449,15.58,40,10,10,5.84
459,14.81,14,2,13,2.06
334,13.36,8,2,10,0.85
562,14.79,15,5,14,2.33
591,17.38,16,3,13,3.81
302,18.88,7,3,15,2.77
211,16.23,5,1,10,1.31
417,16.68,12,2,10,2.5
462,16.5,9,3,11,2.29
542,18.69,16,3,13,4.4
134,19.14,4,2,12,1.65
328,15.62,6,6,10,1.6
284,14.2,7,2,11,1.12
211,11.72,7,3,9,0.61
296,15.58,9,4,11,1.82
559,11.65,13,4,11,0.18
290,17.06,8,3,11,2.1
181,11.31,6,2,9,0.48
414,11.83,11,3,10,0.44
145,16.11,3,1,13,1.16
347,16.52,9,2,14,2.23
293,24.42,6,2,10,3.96
445,18.54,9,4,16,3.48
241,14.18,6,2,10,1.0
256,15.06,9,4,10,1.62
547,18.86,14,3,13,4.31
428,17.12,9,3,16,2.76
241,14.18,6,3,15,1.3
221,14.73,4,2,8,0.84
251,15.69,6,2,12,1.47
457,16.93,12,3,10,2.73
92,18.4,3,1,6,0.96
236,13.88,7,1,10,0.99
222,11.68,4,2,13,0.41
304,13.82,8,2,6,0.84
160,13.33,6,4,10,1.03
225,20.45,5,2,13,2.48
164,13.67,4,1,10,0.73
383,18.24,8,3,16,2.99
117,11.7,3,1,14,0.66
230,14.38,5,2,9,0.91
180,22.5,4,2,10,2.35
369,17.57,8,3,4,2.1
430,20.48,8,4,10,3.86
164,18.22,3,1,10,1.38
101,16.83,3,1,8,0.93
324,23.14,8,2,18,4.44
456,17.54,10,4,10,2.86
256,16.0,6,2,17,1.81
92,15.33,2,1,9,0.73
192,12.0,5,1,9,0.42
184,20.44,4,2,12,2.1
104,11.56,4,2,13,0.79
720,20.57,14,3,8,5.96
278,13.24,10,6,15,1.56
313,16.47,10,2,5,1.81
98,9.8,4,2,12,0.59
220,22.0,5,3,9,2.64
160,12.31,5,3,6,0.52
161,13.42,4,2,8,0.65
374,23.38,10,3,16,5.08
271,16.94,5,2,11,1.68
231,14.44,9,3,6,1.22
181,12.07,7,3,12,0.92
292,20.86,7,2,16,3.31
208,16.0,5,2,11,1.36
161,14.64,5,1,8,0.89
417,15.44,11,2,9,1.83
418,13.06,12,2,14,1.19
275,15.28,7,1,12,1.43
106,11.78,4,0,11,0.61
373,12.03,9,4,18,0.89
149,11.46,7,2,10,0.77
322,17.89,7,3,12,2.38
237,11.29,7,1,14,0.57
266,17.73,7,3,8,1.98
182,12.13,6,2,12,0.78
727,15.8,18,9,9,3.28
1120,14.0,19,8,13,1.83
254,14.94,7,2,12,1.38
277,15.39,9,3,13,1.81
308,16.21,9,4,10,1.97
348,15.13,12,6,15,2.3
108,9.82,6,2,8,0.54
631,15.02,13,4,15,2.26
452,15.07,12,3,11,1.93
537,15.79,10,3,15,2.32
258,21.5,6,3,6,2.73
162,20.25,3,1,8,1.6
267,15.71,6,2,7,1.24
375,13.89,13,2,15,1.73
195,15.0,4,1,12,1.05
253,14.06,7,2,11,1.11
202,18.36,6,3,10,1.93
432,18.0,11,5,9,3.1
198,18.0,4,2,5,1.34
237,13.94,6,2,8,0.85
289,15.21,8,2,12,1.56
195,16.25,4,1,10,1.19
160,14.55,5,2,14,1.23
180,15.0,5,2,12,1.2
389,10.24,13,3,6,-0.1
132,14.67,6,4,11,1.31
220,20.0,6,3,12,2.45
380,14.62,9,3,12,1.51
364,14.56,14,4,8,1.84
605,20.17,11,4,9,4.88
290,14.5,7,3,10,1.2
417,14.38,10,3,7,1.24
56,9.33,3,1,12,0.63
207,12.94,7,4,11,1.02
207,12.94,5,3,14,0.92
238,17.0,6,3,15,1.98
164,18.22,4,2,12,1.63
939,15.15,18,3,15,2.84
272,10.46,7,4,9,0.12
218,19.82,5,2,13,2.3
352,12.57,12,2,10,0.94
327,17.21,5,3,11,1.92
366,17.43,11,5,11,2.79
136,12.36,5,3,14,0.99
168,10.5,6,2,9,0.39
114,19.0,5,2,8,1.46
713,12.96,18,3,15,1.25
141,8.81,5,3,15,0.53
422,13.19,8,3,9,0.64
676,16.9,20,4,13,4.13
311,12.44,13,6,4,1.0
175,17.5,4,2,13,1.59
196,17.82,4,2,7,1.4
381,19.05,8,3,13,3.14
376,23.5,11,4,7,4.85
10,10.0,1,7,10,0.9
132,18.86,6,3,9,1.71
284,16.71,8,3,8,1.84
366,18.3,8,3,5,2.41
180,15.0,6,2,11,1.25
300,17.65,8,3,10,2.24
178,16.18,4,2,10,1.21
521,13.71,14,4,11,1.48
315,18.53,9,2,15,2.86
580,15.26,16,3,10,2.4
443,14.29,13,3,12,1.74
711,17.34,13,4,10,3.66
308,11.0,7,3,9,0.07
375,13.89,9,3,10,1.13
338,21.12,9,3,9,3.57
329,15.67,7,3,17,1.92
265,13.95,9,3,9,1.22
113,11.3,6,4,16,1.18
533,16.15,15,6,10,2.91
450,13.64,10,3,15,1.29
107,10.7,4,1,10,0.49
231,17.77,7,2,12,2.04
178,19.78,5,3,9,1.95
478,15.42,12,3,13,2.2
189,14.54,6,3,15,1.41
388,19.4,13,5,14,3.96
676,15.02,18,4,12,2.61
103,17.17,3,1,7,0.92
398,14.21,12,3,10,1.54
618,16.26,14,3,15,3.08
278,10.3,8,3,13,0.29
609,17.91,16,4,13,4.22
312,17.33,9,3,14,2.48
465,17.88,11,4,8,3.04
372,11.27,8,3,7,-0.09
444,12.33,13,2,7,0.56
205,22.78,5,2,11,2.74
521,15.79,15,3,15,2.81
215,13.44,5,2,16,1.06
380,17.27,9,3,7,2.26
222,18.5,8,1,15,2.38
324,14.09,6,3,11,1.01
136,17.0,3,1,15,1.37
293,19.53,8,3,13,2.93
513,16.55,15,6,11,3.15
376,15.04,8,3,11,1.52
256,19.69,8,1,10,2.55
161,17.89,4,2,11,1.52
181,22.62,6,3,6,2.43
269,20.69,9,3,8,2.98
273,21.0,8,3,7,2.94
234,21.27,7,3,10,2.82
244,13.56,7,3,8,0.9
852,17.75,18,5,13,5.04
433,20.62,13,3,14,4.58
405,19.29,9,3,13,3.44
586,14.29,18,8,11,2.33
512,15.06,11,3,8,1.68
101,14.43,4,3,5,0.74
218,13.62,7,3,7,0.9
880,16.0,21,8,13,4.03
212,9.22,6,2,10,-0.03
519,22.57,10,3,8,5.48
366,12.2,8,3,9,0.38
492,20.5,14,4,11,4.86
302,12.58,10,3,12,1.02
309,18.18,9,4,13,2.73
588,17.29,13,4,14,3.55
130,13.0,4,2,11,0.79
242,13.44,7,4,12,1.12
371,19.53,10,3,12,3.43
295,13.41,8,3,11,1.03
275,15.28,8,3,9,1.48
640,16.84,19,3,9,3.68
302,15.1,6,3,12,1.38
352,25.14,10,3,9,5.17
359,21.12,8,3,10,3.65
206,18.73,7,3,11,2.17
507,19.5,12,3,10,4.13
374,15.58,11,4,7,1.87
91,11.38,3,1,7,0.37
115,19.17,4,2,11,1.53
106,13.25,5,3,9,0.91
193,14.85,4,2,4,0.67
204,22.67,6,2,5,2.51
139,13.9,5,3,6,0.8
202,10.63,6,3,13,0.52
149,18.62,3,1,12,1.49
468,17.33,13,3,8,2.94
382,18.19,9,3,8,2.67
386,17.55,10,3,10,2.63
803,14.87,15,6,11,2.25
143,17.88,4,2,8,1.31
257,21.42,5,3,12,2.9
279,23.25,7,3,8,3.55
288,12.0,6,2,13,0.49
538,13.45,18,5,10,1.72
83,10.38,5,1,5,0.42
169,18.78,5,2,10,1.74
716,19.35,15,4,7,5.16
252,21.0,7,3,10,2.86
50,10.0,2,0,10,0.45
148,12.33,4,2,11,0.65
348,15.82,10,3,8,1.84
416,16.64,12,5,11,2.68
305,16.94,6,3,8,1.74
233,17.92,6,4,8,1.88
256,21.33,8,3,7,2.92
181,16.45,7,1,12,1.61
486,16.2,13,2,13,2.63
455,15.17,9,4,7,1.53
47,9.4,2,1,11,0.54
244,12.2,8,3,13,0.92
291,15.32,6,3,10,1.34
279,16.41,10,4,14,2.29
172,11.47,4,2,8,0.29
226,15.07,7,2,10,1.32
355,13.15,9,3,13,1.04
439,13.72,16,4,9,1.69
347,14.46,11,3,10,1.56
398,13.72,10,3,16,1.44
230,17.69,7,3,9,1.92
498,14.65,14,3,10,1.88
291,13.86,8,3,8,1.02
162,13.5,5,2,8,0.76
321,16.89,6,3,13,2.01
1211,18.07,54,3,13,9.92
314,18.47,6,3,6,2.14
780,15.6,17,5,14,3.12
464,16.57,12,4,10,2.63
281,18.73,7,3,11,2.45
252,13.26,6,2,10,0.76
93,15.5,4,2,6,0.85
187,17.0,5,3,11,1.57
233,17.92,7,3,12,2.13
425,15.74,12,3,11,2.21
182,14.0,5,2,6,0.72
201,15.46,5,3,11,1.29
472,18.15,11,4,16,3.59
168,15.27,4,2,13,1.2
51,12.75,2,6,11,0.94
411,13.7,13,8,7,1.52
187,13.36,5,2,11,0.84
132,14.67,3,1,10,0.81
666,16.65,18,3,7,3.4
247,13.0,6,3,14,0.96
236,15.73,8,4,7,1.52
183,16.64,6,3,9,1.5
635,15.88,17,3,17,3.26
186,15.5,6,3,6,1.14
172,17.2,7,1,10,1.63
167,15.18,6,3,9,1.23
206,15.85,7,4,13,1.73
369,12.72,11,3,13,1.06
248,19.08,7,1,8,2.16
221,13.0,5,2,12,0.76
186,18.6,5,2,6,1.57
184,20.44,6,2,7,2.05
237,19.75,6,3,14,2.58
417,23.17,10,4,10,5.11
320,16.0,8,4,11,1.87
279,16.41,9,2,11,1.94
338,19.88,8,3,11,3.15
69,23.0,4,2,12,1.65
280,14.0,8,2,7,0.97
266,13.3,6,2,9,0.7
415,13.83,9,3,5,0.81
259,19.92,5,2,8,2.27
224,14.0,4,2,12,0.88
231,19.25,4,2,10,1.98
351,17.55,7,2,9,2.15
445,11.71,11,4,12,0.44
432,15.43,12,3,12,2.14
259,16.19,8,1,8,1.56
123,13.67,4,1,8,0.69
110,11.0,3,1,11,0.46
45,15.0,3,1,10,0.85
183,20.33,5,2,10,2.08
162,14.73,5,2,10,1.06
128,18.29,3,1,13,1.42
210,14.0,6,2,10,0.99
324,18.0,12,2,7,2.62
463,18.52,11,3,9,3.33
145,12.08,4,7,4,0.53
202,15.54,6,3,10,1.36
541,11.51,14,4,13,0.36
88,9.78,4,2,8,0.44
100,14.29,3,1,7,0.63
164,14.91,6,3,11,1.29
189,17.18,7,3,7,1.61
376,18.8,11,4,10,3.23
251,16.73,7,3,9,1.73
385,16.04,10,3,13,2.2
897,14.24,22,1,10,2.07
191,14.69,5,2,9,0.99
141,14.1,5,2,10,0.97
102,20.4,5,7,5,1.65
178,22.25,5,2,9,2.34
398,16.58,10,5,8,2.28
108,15.43,3,1,11,0.95
130,13.0,5,2,11,0.89
278,14.63,7,2,9,1.15
74,18.5,3,1,9,1.06
129,14.33,4,1,14,1.06
181,16.45,4,7,13,1.66
926,15.69,19,4,11,3.29
203,20.3,4,1,11,2.08
406,14.5,10,4,14,1.7
249,14.65,8,3,10,1.36
170,15.45,5,2,14,1.38
189,15.75,5,2,15,1.49
134,19.14,3,1,12,1.5
220,15.71,7,2,7,1.31
363,18.15,9,3,15,2.94
217,19.73,7,3,7,2.23
159,14.45,4,2,11,0.96
241,16.07,8,2,13,1.81
177,22.12,8,8,10,2.96
366,20.33,8,3,9,3.35
330,15.0,8,4,11,1.55
131,18.71,4,2,5,1.24
158,26.33,5,3,10,2.94
151,18.88,4,6,8,1.69
831,14.84,22,6,12,2.97
207,15.92,7,2,7,1.34
144,13.09,3,1,9,0.52
182,14.0,6,2,10,1.02
427,16.42,13,3,10,2.56
191,17.36,4,2,7,1.3
139,15.44,4,2,6,0.86
1142,18.13,27,8,13,7.32
265,22.08,7,2,14,3.38
11,5.5,1,3,10,0.65
200,16.67,7,3,18,2.08
501,15.66,14,4,14,2.63
53,13.25,2,1,9,0.61
393,17.86,10,3,8,2.67
278,14.63,10,3,14,1.75
367,17.48,8,3,11,2.41
220,16.92,6,3,6,1.47
219,11.53,5,3,12,0.49
414,15.92,13,3,13,2.48
162,18.0,5,3,13,1.79
165,13.75,4,2,12,0.89
214,19.45,5,3,11,2.15
402,13.86,13,3,16,1.79
235,16.79,5,3,8,1.47
221,20.09,6,2,12,2.42
435,21.75,9,3,11,4.54
295,24.58,10,4,11,4.58
171,24.43,6,3,4,2.56
252,22.91,8,4,11,3.54
121,13.44,5,3,3,0.61
499,11.88,12,6,13,0.59
433,13.12,12,4,10,1.09
193,16.08,7,3,6,1.36
401,17.43,12,3,7,2.67
81,13.5,3,1,11,0.78
308,14.0,11,6,14,1.79
74,10.57,3,1,11,0.57
232,16.57,5,3,8,1.41
251,13.94,6,3,15,1.23
230,14.38,6,3,11,1.16
582,16.17,13,5,11,2.78
239,19.92,6,2,8,2.28
137,10.54,4,2,10,0.39
382,13.64,8,3,12,1.03
159,13.25,5,2,16,1.12
88,22.0,2,1,11,1.42
692,14.72,14,4,12,2.01
191,14.69,4,2,11,0.99
252,18.0,8,3,9,2.16
288,24.0,8,4,8,3.99
184,20.44,5,2,8,2.0
73,10.43,5,3,9,0.77
174,17.4,6,3,9,1.62
137,13.7,5,2,10,0.92
439,13.72,14,5,11,1.64
575,17.42,16,4,13,3.84
323,20.19,9,3,7,3.08
199,16.58,6,2,12,1.61
235,18.08,6,2,11,1.97
161,13.42,5,2,16,1.15
294,16.33,8,3,9,1.79
128,16.0,6,4,15,1.68
123,8.79,5,2,9,0.29
73,18.25,3,0,13,1.19
558,14.68,15,3,13,2.12
187,9.35,7,3,5,0.04
172,13.23,5,3,10,0.85
301,14.33,7,3,11,1.2
137,17.12,4,2,13,1.44
256,13.47,8,3,11,1.11
311,20.73,8,3,14,3.43
282,17.62,7,3,10,2.09
80,16.0,5,2,12,1.28
402,14.36,14,4,14,2.04
228,13.41,6,3,10,0.89
408,15.69,10,3,13,2.08
407,17.7,11,3,9,2.8
178,12.71,9,2,11,1.14
251,19.31,7,3,11,2.48
145,29.0,3,1,10,2.88
103,25.75,4,1,7,1.91
283,14.89,10,5,15,1.97
159,10.6,6,3,12,0.65
318,15.14,10,3,14,1.89
239,19.92,6,3,9,2.38
242,16.13,8,4,12,1.87
504,15.75,12,4,15,2.53
644,20.77,13,2,14,5.82
154,19.25,4,2,10,1.65
229,16.36,10,3,6,1.76
441,15.21,10,4,13,1.94
2342,16.38,56,6,7,9.48
118,13.11,4,1,11,0.78
670,15.95,18,3,19,3.54
201,20.1,5,3,8,2.08
423,22.26,12,4,11,5.02
291,17.12,9,3,10,2.17
312,15.6,8,3,9,1.59
341,16.24,10,4,12,2.22
412,14.71,12,3,10,1.73
94,9.4,4,6,9,0.62
93,9.3,5,3,10,0.62
97,19.4,3,1,12,1.38
163,20.38,4,2,12,1.98
468,17.33,15,4,11,3.34
524,15.41,13,6,11,2.36
375,19.74,12,4,13,3.83
610,13.26,17,4,15,1.59
81,13.5,3,1,10,0.73
453,18.88,14,4,12,3.96
247,17.64,7,3,14,2.2
183,16.64,6,2,9,1.45
184,18.4,6,2,9,1.78
148,18.5,5,2,13,1.77
159,10.6,4,1,6,0.05
242,15.12,8,2,15,1.68
125,12.5,6,2,10,0.89
92,13.14,2,1,7,0.43
220,14.67,5,2,10,1.03
433,14.93,17,3,7,2.17
263,16.44,6,2,9,1.53
175,15.91,5,2,7,1.11
799,19.02,22,6,11,6.26
82,16.4,3,1,12,1.06
335,13.4,6,3,12,0.81
468,15.6,20,26,7,3.93
433,13.97,14,4,10,1.65
468,14.62,14,3,8,1.77
459,17.65,14,2,9,3.17
400,13.33,11,4,15,1.38
201,16.75,5,2,10,1.45
287,14.35,9,4,10,1.41
167,12.85,3,1,7,0.34
133,11.08,5,2,8,0.48
306,14.57,6,2,15,1.32
261,17.4,7,3,8,1.88
180,13.85,5,2,9,0.84
232,14.5,6,2,7,0.93
317,18.65,8,4,9,2.61
443,15.82,12,3,8,2.11
178,17.8,5,2,13,1.75
735,13.87,21,10,11,2.32
261,17.4,8,4,8,2.03
457,19.04,14,5,11,4.05
132,11.0,4,2,13,0.62
737,13.4,14,6,16,1.32
616,15.4,14,5,11,2.45
659,17.34,18,5,11,4.14
494,13.0,12,3,14,1.06
229,15.27,8,2,7,1.31
571,11.9,17,5,9,0.63
299,15.74,10,3,7,1.72
513,20.52,15,4,13,5.18
386,15.44,11,3,15,2.17
212,14.13,7,4,7,1.07
458,15.79,15,3,12,2.61
97,10.78,6,2,7,0.64
549,14.45,16,6,11,2.15
460,27.06,12,4,16,7.75
39,13.0,3,1,9,0.72
613,13.93,16,3,13,1.74
184,16.73,6,2,11,1.57
235,19.58,8,3,10,2.53
396,12.77,11,4,13,1.07
249,13.83,8,2,14,1.31
290,11.6,6,2,8,0.11
407,15.07,13,3,16,2.28
441,15.75,11,5,13,2.33
401,13.83,13,3,10,1.48
65,13.0,4,1,15,1.07
74,10.57,4,1,14,0.82
933,16.09,22,3,5,3.62
544,19.43,10,4,15,4.36
504,15.75,15,5,9,2.58
542,14.26,21,5,10,2.45
116,29.0,3,1,9,2.42
69,11.5,3,1,12,0.71
238,21.64,7,2,12,2.98
161,10.06,4,2,10,0.2
249,20.75,6,3,8,2.58
122,12.2,4,2,10,0.66
162,20.25,5,2,13,2.1
304,16.0,7,2,15,1.85
425,16.35,8,2,11,2.02
232,19.33,8,3,17,2.8
242,15.12,7,1,15,1.53
220,18.33,8,3,9,2.13
265,22.08,7,3,10,3.23
94,9.4,5,1,9,0.47
107,13.38,6,2,7,0.88
178,19.78,5,1,9,1.85
134,19.14,5,3,12,1.8
239,17.07,7,3,8,1.74
195,13.93,7,3,7,0.99
254,14.94,9,3,10,1.53
456,20.73,14,3,8,4.56
440,18.33,11,3,15,3.47
152,16.89,6,4,8,1.49
184,15.33,3,1,7,0.76
678,15.41,17,3,10,2.63
548,20.3,16,4,8,5.1
254,18.14,5,3,10,1.95
123,20.5,3,1,13,1.68
388,13.38,12,2,11,1.22
85,12.14,4,1,19,1.16
255,14.17,6,3,12,1.14
256,17.07,8,3,6,1.78
